country,name,city,homepage,lang,type,tier,note
AT,Der Standard,Wien,https://www.derstandard.at,de,daily,1,
AT,Die Presse,Wien,https://www.diepresse.com,de,daily,1,
AT,Kronen Zeitung,Wien,https://www.krone.at,de,daily,1,
AT,Kurier,Wien,https://kurier.at,de,daily,2,
AT,Kleine Zeitung,Graz,https://www.kleinezeitung.at,de,daily,1,
AT,Salzburger Nachrichten,Salzburg,https://www.sn.at,de,daily,2,
AT,Oberösterreichische Nachrichten,Linz,https://www.nachrichten.at,de,daily,2,
AT,Tiroler Tageszeitung,Innsbruck,https://www.tt.com,de,daily,2,
AT,Vorarlberger Nachrichten,Schwarzach,https://www.vn.at,de,daily,3,
DE,Süddeutsche Zeitung,München,https://www.sueddeutsche.de,de,daily,1,
DE,Frankfurter Allgemeine Zeitung,Frankfurt am Main,https://www.faz.net,de,daily,1,
DE,Die Welt,Berlin,https://www.welt.de,de,daily,1,
DE,Bild,Berlin,https://www.bild.de,de,daily,1,
DE,taz,Berlin,https://taz.de,de,daily,2,
DE,Der Tagesspiegel,Berlin,https://www.tagesspiegel.de,de,daily,2,
DE,Handelsblatt,Düsseldorf,https://www.handelsblatt.com,de,daily,2,
DE,Der Spiegel,Hamburg,https://www.spiegel.de,de,magazine,1,
DE,Die Zeit,Hamburg,https://www.zeit.de,de,weekly,2,
DE,Kölner Stadt-Anzeiger,Köln,https://www.ksta.de,de,daily,3,
CH,Neue Zürcher Zeitung,Zürich,https://www.nzz.ch,de,daily,1,
CH,Tages-Anzeiger,Zürich,https://www.tagesanzeiger.ch,de,daily,2,
CH,Blick,Zürich,https://www.blick.ch,de,daily,2,
CH,Le Temps,Genève,https://www.letemps.ch,fr,daily,1,
CH,Corriere del Ticino,Lugano,https://www.cdt.ch,it,daily,3,
LI,Liechtensteiner Vaterland,Vaduz,https://www.vaterland.li,de,daily,3,
GB,The Guardian,London,https://www.theguardian.com,en,daily,1,
GB,The Times,London,https://www.thetimes.com,en,daily,1,
GB,The Telegraph,London,https://www.telegraph.co.uk,en,daily,1,
GB,Financial Times,London,https://www.ft.com,en,daily,1,
GB,Daily Mail,London,https://www.dailymail.co.uk,en,daily,2,
GB,The Independent,London,https://www.independent.co.uk,en,online,2,
GB,The Scotsman,Edinburgh,https://www.scotsman.com,en,daily,2,
GB,Belfast Telegraph,Belfast,https://www.belfasttelegraph.co.uk,en,daily,3,
GB,Manchester Evening News,Manchester,https://www.manchestereveningnews.co.uk,en,daily,3,
IE,The Irish Times,Dublin,https://www.irishtimes.com,en,daily,1,
IE,Irish Independent,Dublin,https://www.independent.ie,en,daily,2,
IE,Irish Examiner,Cork,https://www.irishexaminer.com,en,daily,2,
FR,Le Monde,Paris,https://www.lemonde.fr,fr,daily,1,
FR,Le Figaro,Paris,https://www.lefigaro.fr,fr,daily,1,
FR,Libération,Paris,https://www.liberation.fr,fr,daily,1,
FR,Les Echos,Paris,https://www.lesechos.fr,fr,daily,2,
FR,Le Parisien,Paris,https://www.leparisien.fr,fr,daily,2,
FR,Ouest-France,Rennes,https://www.ouest-france.fr,fr,daily,2,
FR,Sud Ouest,Bordeaux,https://www.sudouest.fr,fr,daily,3,
FR,La Dépêche du Midi,Toulouse,https://www.ladepeche.fr,fr,daily,3,
FR,Le Progrès,Lyon,https://www.leprogres.fr,fr,daily,3,
MC,Monaco-Matin,Monaco,https://www.monacomatin.mc,fr,daily,3,
ES,El País,Madrid,https://elpais.com,es,daily,1,
ES,El Mundo,Madrid,https://www.elmundo.es,es,daily,1,
ES,ABC,Madrid,https://www.abc.es,es,daily,2,
ES,elDiario.es,Madrid,https://www.eldiario.es,es,online,2,
ES,La Vanguardia,Barcelona,https://www.lavanguardia.com,es,daily,1,
ES,El Periódico,Barcelona,https://www.elperiodico.com,es,daily,2,
ES,El Correo,Bilbao,https://www.elcorreo.com,es,daily,3,
PT,Público,Lisboa,https://www.publico.pt,pt,daily,1,
PT,Diário de Notícias,Lisboa,https://www.dn.pt,pt,daily,2,
PT,Expresso,Lisboa,https://expresso.pt,pt,weekly,2,
PT,Jornal de Notícias,Porto,https://www.jn.pt,pt,daily,2,
AD,Diari d'Andorra,Andorra la Vella,https://www.diariandorra.ad,ca,daily,3,
IT,Corriere della Sera,Milano,https://www.corriere.it,it,daily,1,
IT,la Repubblica,Roma,https://www.repubblica.it,it,daily,1,
IT,La Stampa,Torino,https://www.lastampa.it,it,daily,1,
IT,Il Sole 24 Ore,Milano,https://www.ilsole24ore.com,it,daily,2,
IT,Il Messaggero,Roma,https://www.ilmessaggero.it,it,daily,2,
IT,Il Fatto Quotidiano,Roma,https://www.ilfattoquotidiano.it,it,daily,2,
IT,Il Mattino,Napoli,https://www.ilmattino.it,it,daily,3,
MT,Times of Malta,Valletta,https://timesofmalta.com,en,daily,2,
SM,San Marino RTV,San Marino,https://www.sanmarinortv.sm,it,online,3,
NL,de Volkskrant,Amsterdam,https://www.volkskrant.nl,nl,daily,1,
NL,NRC,Amsterdam,https://www.nrc.nl,nl,daily,1,
NL,De Telegraaf,Amsterdam,https://www.telegraaf.nl,nl,daily,1,
NL,Trouw,Amsterdam,https://www.trouw.nl,nl,daily,2,
NL,AD,Rotterdam,https://www.ad.nl,nl,daily,2,
BE,Le Soir,Bruxelles,https://www.lesoir.be,fr,daily,1,
BE,La Libre Belgique,Bruxelles,https://www.lalibre.be,fr,daily,2,
BE,De Standaard,Brussel,https://www.standaard.be,nl,daily,1,
BE,Het Laatste Nieuws,Antwerpen,https://www.hln.be,nl,daily,2,
LU,Luxemburger Wort,Luxembourg,https://www.wort.lu,de,daily,1,
DK,Politiken,København,https://politiken.dk,da,daily,1,
DK,Berlingske,København,https://www.berlingske.dk,da,daily,1,
DK,Jyllands-Posten,Aarhus,https://jyllands-posten.dk,da,daily,2,
SE,Dagens Nyheter,Stockholm,https://www.dn.se,sv,daily,1,
SE,Svenska Dagbladet,Stockholm,https://www.svd.se,sv,daily,1,
SE,Aftonbladet,Stockholm,https://www.aftonbladet.se,sv,daily,2,
SE,Göteborgs-Posten,Göteborg,https://www.gp.se,sv,daily,2,
SE,Sydsvenskan,Malmö,https://www.sydsvenskan.se,sv,daily,3,
NO,Aftenposten,Oslo,https://www.aftenposten.no,no,daily,1,
NO,VG,Oslo,https://www.vg.no,no,daily,1,
NO,Dagbladet,Oslo,https://www.dagbladet.no,no,daily,2,
NO,Bergens Tidende,Bergen,https://www.bt.no,no,daily,3,
FI,Helsingin Sanomat,Helsinki,https://www.hs.fi,fi,daily,1,
FI,Ilta-Sanomat,Helsinki,https://www.is.fi,fi,daily,2,
FI,Hufvudstadsbladet,Helsinki,https://www.hbl.fi,sv,daily,3,
FI,Aamulehti,Tampere,https://www.aamulehti.fi,fi,daily,3,
IS,Morgunblaðið,Reykjavík,https://www.mbl.is,is,daily,1,
EE,Postimees,Tallinn,https://www.postimees.ee,et,daily,1,
LV,Diena,Rīga,https://www.diena.lv,lv,daily,1,
LT,Lietuvos rytas,Vilnius,https://www.lrytas.lt,lt,daily,1,
PL,Gazeta Wyborcza,Warszawa,https://wyborcza.pl,pl,daily,1,
PL,Rzeczpospolita,Warszawa,https://www.rp.pl,pl,daily,1,
PL,Fakt,Warszawa,https://www.fakt.pl,pl,daily,2,
PL,Dziennik Polski,Kraków,https://dziennikpolski24.pl,pl,daily,3,
CZ,Mladá fronta DNES,Praha,https://www.idnes.cz,cs,daily,1,
CZ,Hospodářské noviny,Praha,https://hn.cz,cs,daily,2,
CZ,Deník N,Praha,https://denikn.cz,cs,daily,2,
CZ,Lidové noviny,Praha,https://www.lidovky.cz,cs,daily,2,
SK,SME,Bratislava,https://www.sme.sk,sk,daily,1,
SK,Denník N,Bratislava,https://dennikn.sk,sk,daily,2,
SK,Pravda,Bratislava,https://www.pravda.sk,sk,daily,2,
HU,Népszava,Budapest,https://nepszava.hu,hu,daily,1,
HU,Magyar Nemzet,Budapest,https://magyarnemzet.hu,hu,daily,1,
HU,Telex,Budapest,https://telex.hu,hu,online,2,
HU,HVG,Budapest,https://hvg.hu,hu,weekly,2,
SI,Delo,Ljubljana,https://www.delo.si,sl,daily,1,
SI,Večer,Maribor,https://vecer.com,sl,daily,3,
HR,Jutarnji list,Zagreb,https://www.jutarnji.hr,hr,daily,1,
HR,Večernji list,Zagreb,https://www.vecernji.hr,hr,daily,2,
HR,Slobodna Dalmacija,Split,https://slobodnadalmacija.hr,hr,daily,3,
BA,Oslobođenje,Sarajevo,https://www.oslobodjenje.ba,bs,daily,1,
BA,Dnevni avaz,Sarajevo,https://avaz.ba,bs,daily,2,
RS,Politika,Beograd,https://www.politika.rs,sr,daily,1,
RS,Danas,Beograd,https://www.danas.rs,sr,daily,2,
RS,Blic,Beograd,https://www.blic.rs,sr,daily,2,
ME,Vijesti,Podgorica,https://www.vijesti.me,sr,daily,1,
XK,Koha Ditore,Prishtina,https://www.koha.net,sq,daily,1,
AL,Panorama,Tirana,https://www.panorama.com.al,sq,daily,1,
MK,Nova Makedonija,Skopje,https://www.novamakedonija.com.mk,mk,daily,1,
GR,Kathimerini,Athina,https://www.kathimerini.gr,el,daily,1,
GR,Ta Nea,Athina,https://www.tanea.gr,el,daily,2,
GR,To Vima,Athina,https://www.tovima.gr,el,daily,2,
CY,Phileleftheros,Nicosia,https://www.philenews.com,el,daily,1,
CY,Cyprus Mail,Nicosia,https://cyprus-mail.com,en,daily,2,
BG,Dnevnik,Sofia,https://www.dnevnik.bg,bg,daily,1,
BG,24 Chasa,Sofia,https://www.24chasa.bg,bg,daily,2,
BG,Trud,Sofia,https://trud.bg,bg,daily,2,
RO,Adevărul,București,https://adevarul.ro,ro,daily,1,
RO,Libertatea,București,https://www.libertatea.ro,ro,daily,2,
RO,Gândul,București,https://www.gandul.ro,ro,online,2,
MD,Ziarul de Gardă,Chișinău,https://www.zdg.md,ro,weekly,2,
UA,Ukrainska Pravda,Kyiv,https://www.pravda.com.ua,uk,online,1,
UA,The Kyiv Independent,Kyiv,https://kyivindependent.com,en,online,1,
UA,Dzerkalo Tyzhnia,Kyiv,https://zn.ua,uk,online,2,
UA,Vysokyi Zamok,Lviv,https://wz.lviv.ua,uk,daily,3,
TR,Hürriyet,İstanbul,https://www.hurriyet.com.tr,tr,daily,1,
TR,Sabah,İstanbul,https://www.sabah.com.tr,tr,daily,1,
TR,Sözcü,İstanbul,https://www.sozcu.com.tr,tr,daily,2,
TR,Cumhuriyet,İstanbul,https://www.cumhuriyet.com.tr,tr,daily,2,
RU,Kommersant,Moskva,https://www.kommersant.ru,ru,daily,1,
RU,Rossiyskaya Gazeta,Moskva,https://rg.ru,ru,daily,2,
RU,Meduza,Rīga,https://meduza.io,ru,online,1,exile
RU,Novaya Gazeta Europe,Rīga,https://novayagazeta.eu,ru,online,2,exile
BY,Nasha Niva,Vilnius,https://nashaniva.com,be,online,1,exile
