origin,id,name,country,city,status,match,detail
europe.csv:2,derstandard,Der Standard,AT,Wien,ok,"Vienna 48.2085,16.3721","cities15000, alternate name"
europe.csv:3,diepresse,Die Presse,AT,Wien,ok,"Vienna 48.2085,16.3721","cities15000, alternate name"
europe.csv:4,kronenzeitung,Kronen Zeitung,AT,Wien,ok,"Vienna 48.2085,16.3721","cities15000, alternate name"
europe.csv:5,kurier,Kurier,AT,Wien,ok,"Vienna 48.2085,16.3721","cities15000, alternate name"
europe.csv:6,kleinezeitung,Kleine Zeitung,AT,Graz,ok,"Graz 47.0673,15.442","cities15000, primary name"
europe.csv:7,salzburgernachrichten,Salzburger Nachrichten,AT,Salzburg,ok,"Salzburg 47.7994,13.044","cities15000, primary name"
europe.csv:8,oberosterreichischenachrichten,Oberösterreichische Nachrichten,AT,Linz,ok,"Linz 48.3064,14.2861","cities15000, primary name"
europe.csv:9,tirolertageszeitung,Tiroler Tageszeitung,AT,Innsbruck,ok,"Innsbruck 47.2627,11.3945","cities15000, primary name"
europe.csv:10,vorarlbergernachrichten,Vorarlberger Nachrichten,AT,Schwarzach,ok,"Schwarzach 47.449,9.7621","cities500, primary name"
europe.csv:11,suddeutschezeitung,Süddeutsche Zeitung,DE,München,ok,"Munich 48.1374,11.5755","cities15000, alternate name"
europe.csv:12,frankfurterallgemeinezeitung,Frankfurter Allgemeine Zeitung,DE,Frankfurt am Main,ok,"Frankfurt am Main 50.1155,8.6842","cities15000, primary name"
europe.csv:13,diewelt,Die Welt,DE,Berlin,ok,"Berlin 52.5244,13.4105","cities15000, primary name"
europe.csv:14,bild,Bild,DE,Berlin,ok,"Berlin 52.5244,13.4105","cities15000, primary name"
europe.csv:15,taz,taz,DE,Berlin,ok,"Berlin 52.5244,13.4105","cities15000, primary name"
europe.csv:16,dertagesspiegel,Der Tagesspiegel,DE,Berlin,ok,"Berlin 52.5244,13.4105","cities15000, primary name"
europe.csv:17,handelsblatt,Handelsblatt,DE,Düsseldorf,ok,"Düsseldorf 51.2232,6.7793","cities15000, primary name"
europe.csv:18,derspiegel,Der Spiegel,DE,Hamburg,ok,"Hamburg 53.5507,9.993","cities15000, primary name"
europe.csv:19,diezeit,Die Zeit,DE,Hamburg,ok,"Hamburg 53.5507,9.993","cities15000, primary name"
europe.csv:20,kolnerstadtanzeiger,Kölner Stadt-Anzeiger,DE,Köln,ok,"Köln 50.9333,6.95","cities15000, primary name"
europe.csv:21,neuezurcherzeitung,Neue Zürcher Zeitung,CH,Zürich,ok,"Zürich 47.3667,8.55","cities15000, primary name"
europe.csv:22,tagesanzeiger,Tages-Anzeiger,CH,Zürich,ok,"Zürich 47.3667,8.55","cities15000, primary name"
europe.csv:23,blick,Blick,CH,Zürich,ok,"Zürich 47.3667,8.55","cities15000, primary name"
europe.csv:24,letemps,Le Temps,CH,Genève,ok,"Geneva 46.2022,6.1457","cities15000, alternate name"
europe.csv:25,corrieredelticino,Corriere del Ticino,CH,Lugano,ok,"Lugano 46.0101,8.96","cities15000, primary name"
europe.csv:26,liechtensteinervaterland,Liechtensteiner Vaterland,LI,Vaduz,ok,"Vaduz 47.1415,9.5215","cities15000, primary name"
europe.csv:27,theguardian,The Guardian,GB,London,ok,"London 51.5085,-0.1257","cities15000, primary name"
europe.csv:28,thetimes,The Times,GB,London,ok,"London 51.5085,-0.1257","cities15000, primary name"
europe.csv:29,thetelegraph,The Telegraph,GB,London,ok,"London 51.5085,-0.1257","cities15000, primary name"
europe.csv:30,financialtimes,Financial Times,GB,London,ok,"London 51.5085,-0.1257","cities15000, primary name"
europe.csv:31,dailymail,Daily Mail,GB,London,ok,"London 51.5085,-0.1257","cities15000, primary name"
europe.csv:32,theindependent,The Independent,GB,London,ok,"London 51.5085,-0.1257","cities15000, primary name"
europe.csv:33,thescotsman,The Scotsman,GB,Edinburgh,ok,"Edinburgh 55.9521,-3.1965","cities15000, primary name"
europe.csv:34,belfasttelegraph,Belfast Telegraph,GB,Belfast,ok,"Belfast 54.5968,-5.9254","cities15000, primary name"
europe.csv:35,manchestereveningnews,Manchester Evening News,GB,Manchester,ok,"Manchester 53.4809,-2.2374","cities15000, primary name"
europe.csv:36,theirishtimes,The Irish Times,IE,Dublin,ok,"Dublin 53.3331,-6.2489","cities15000, primary name"
europe.csv:37,irishindependent,Irish Independent,IE,Dublin,ok,"Dublin 53.3331,-6.2489","cities15000, primary name"
europe.csv:38,irishexaminer,Irish Examiner,IE,Cork,ok,"Cork 51.898,-8.4706","cities15000, primary name"
europe.csv:39,lemonde,Le Monde,FR,Paris,ok,"Paris 48.8534,2.3488","cities15000, primary name"
europe.csv:40,lefigaro,Le Figaro,FR,Paris,ok,"Paris 48.8534,2.3488","cities15000, primary name"
europe.csv:41,liberation,Libération,FR,Paris,ok,"Paris 48.8534,2.3488","cities15000, primary name"
europe.csv:42,lesechos,Les Echos,FR,Paris,ok,"Paris 48.8534,2.3488","cities15000, primary name"
europe.csv:43,leparisien,Le Parisien,FR,Paris,ok,"Paris 48.8534,2.3488","cities15000, primary name"
europe.csv:44,ouestfrance,Ouest-France,FR,Rennes,ok,"Rennes 48.1111,-1.6743","cities15000, primary name"
europe.csv:45,sudouest,Sud Ouest,FR,Bordeaux,ok,"Bordeaux 44.8412,-0.5805","cities15000, primary name"
europe.csv:46,ladepechedumidi,La Dépêche du Midi,FR,Toulouse,ok,"Toulouse 43.6043,1.4437","cities15000, primary name"
europe.csv:47,leprogres,Le Progrès,FR,Lyon,ok,"Lyon 45.7491,4.8479","cities15000, primary name"
europe.csv:48,monacomatin,Monaco-Matin,MC,Monaco,ok,"Monaco 43.7372,7.4215","cities15000, primary name"
europe.csv:49,elpais,El País,ES,Madrid,ok,"Madrid 40.4165,-3.7026","cities15000, primary name"
europe.csv:50,elmundo,El Mundo,ES,Madrid,ok,"Madrid 40.4165,-3.7026","cities15000, primary name"
europe.csv:51,abc,ABC,ES,Madrid,ok,"Madrid 40.4165,-3.7026","cities15000, primary name"
europe.csv:52,eldiarioes,elDiario.es,ES,Madrid,ok,"Madrid 40.4165,-3.7026","cities15000, primary name"
europe.csv:53,lavanguardia,La Vanguardia,ES,Barcelona,ok,"Barcelona 41.3888,2.159","cities15000, primary name"
europe.csv:54,elperiodico,El Periódico,ES,Barcelona,ok,"Barcelona 41.3888,2.159","cities15000, primary name"
europe.csv:55,elcorreo,El Correo,ES,Bilbao,ok,"Bilbao 43.2627,-2.9253","cities15000, primary name"
europe.csv:56,publico,Público,PT,Lisboa,ok,"Lisbon 38.7251,-9.1498","cities15000, alternate name"
europe.csv:57,diariodenoticias,Diário de Notícias,PT,Lisboa,ok,"Lisbon 38.7251,-9.1498","cities15000, alternate name"
europe.csv:58,expresso,Expresso,PT,Lisboa,ok,"Lisbon 38.7251,-9.1498","cities15000, alternate name"
europe.csv:59,jornaldenoticias,Jornal de Notícias,PT,Porto,ok,"Porto 41.1485,-8.611","cities15000, primary name"
europe.csv:60,diaridandorra,Diari d'Andorra,AD,Andorra la Vella,ok,"Andorra la Vella 42.5078,1.5211","cities15000, primary name"
europe.csv:61,corrieredellasera,Corriere della Sera,IT,Milano,ok,"Milan 45.4643,9.1895","cities15000, alternate name"
europe.csv:62,larepubblica,la Repubblica,IT,Roma,ok,"Rome 41.8919,12.5113","cities15000, alternate name"
europe.csv:63,lastampa,La Stampa,IT,Torino,ok,"Turin 45.0705,7.6868","cities15000, alternate name"
europe.csv:64,ilsole24ore,Il Sole 24 Ore,IT,Milano,ok,"Milan 45.4643,9.1895","cities15000, alternate name"
europe.csv:65,ilmessaggero,Il Messaggero,IT,Roma,ok,"Rome 41.8919,12.5113","cities15000, alternate name"
europe.csv:66,ilfattoquotidiano,Il Fatto Quotidiano,IT,Roma,ok,"Rome 41.8919,12.5113","cities15000, alternate name"
europe.csv:67,ilmattino,Il Mattino,IT,Napoli,ok,"Naples 40.8522,14.2681","cities15000, alternate name"
europe.csv:68,timesofmalta,Times of Malta,MT,Valletta,ok,"Valletta 35.8997,14.5148","cities15000, primary name"
europe.csv:69,sanmarinortv,San Marino RTV,SM,San Marino,ok,"San Marino 43.9367,12.4464","cities15000, primary name"
europe.csv:70,devolkskrant,de Volkskrant,NL,Amsterdam,ok,"Amsterdam 52.374,4.8897","cities15000, primary name"
europe.csv:71,nrc,NRC,NL,Amsterdam,ok,"Amsterdam 52.374,4.8897","cities15000, primary name"
europe.csv:72,detelegraaf,De Telegraaf,NL,Amsterdam,ok,"Amsterdam 52.374,4.8897","cities15000, primary name"
europe.csv:73,trouw,Trouw,NL,Amsterdam,ok,"Amsterdam 52.374,4.8897","cities15000, primary name"
europe.csv:74,ad,AD,NL,Rotterdam,ok,"Rotterdam 51.9225,4.4792","cities15000, primary name"
europe.csv:75,lesoir,Le Soir,BE,Bruxelles,ok,"Brussels 50.8505,4.3488","cities15000, alternate name"
europe.csv:76,lalibrebelgique,La Libre Belgique,BE,Bruxelles,ok,"Brussels 50.8505,4.3488","cities15000, alternate name"
europe.csv:77,destandaard,De Standaard,BE,Brussel,ok,"Brussels 50.8505,4.3488","cities15000, alternate name"
europe.csv:78,hetlaatstenieuws,Het Laatste Nieuws,BE,Antwerpen,ok,"Antwerp 51.2205,4.4003","cities15000, alternate name"
europe.csv:79,luxemburgerwort,Luxemburger Wort,LU,Luxembourg,ok,"Luxembourg 49.6098,6.1327","cities15000, primary name"
europe.csv:80,politiken,Politiken,DK,København,ok,"Copenhagen 55.6759,12.5655","cities15000, alternate name"
europe.csv:81,berlingske,Berlingske,DK,København,ok,"Copenhagen 55.6759,12.5655","cities15000, alternate name"
europe.csv:82,jyllandsposten,Jyllands-Posten,DK,Aarhus,ok,"Århus 56.1567,10.2108","cities15000, alternate name"
europe.csv:83,dagensnyheter,Dagens Nyheter,SE,Stockholm,ok,"Stockholm 59.3294,18.0687","cities15000, primary name"
europe.csv:84,svenskadagbladet,Svenska Dagbladet,SE,Stockholm,ok,"Stockholm 59.3294,18.0687","cities15000, primary name"
europe.csv:85,aftonbladet,Aftonbladet,SE,Stockholm,ok,"Stockholm 59.3294,18.0687","cities15000, primary name"
europe.csv:86,goteborgsposten,Göteborgs-Posten,SE,Göteborg,ok,"Gothenburg 57.7072,11.9668","cities15000, alternate name"
europe.csv:87,sydsvenskan,Sydsvenskan,SE,Malmö,ok,"Malmö 55.6059,13.0007","cities15000, primary name"
europe.csv:88,aftenposten,Aftenposten,NO,Oslo,ok,"Oslo 59.9127,10.7461","cities15000, primary name"
europe.csv:89,vg,VG,NO,Oslo,ok,"Oslo 59.9127,10.7461","cities15000, primary name"
europe.csv:90,dagbladet,Dagbladet,NO,Oslo,ok,"Oslo 59.9127,10.7461","cities15000, primary name"
europe.csv:91,bergenstidende,Bergens Tidende,NO,Bergen,ok,"Bergen 60.393,5.3242","cities15000, primary name"
europe.csv:92,helsinginsanomat,Helsingin Sanomat,FI,Helsinki,ok,"Helsinki 60.1695,24.9354","cities15000, primary name"
europe.csv:93,iltasanomat,Ilta-Sanomat,FI,Helsinki,ok,"Helsinki 60.1695,24.9354","cities15000, primary name"
europe.csv:94,hufvudstadsbladet,Hufvudstadsbladet,FI,Helsinki,ok,"Helsinki 60.1695,24.9354","cities15000, primary name"
europe.csv:95,aamulehti,Aamulehti,FI,Tampere,ok,"Tampere 61.4991,23.7871","cities15000, primary name"
europe.csv:96,morgunbladid,Morgunblaðið,IS,Reykjavík,ok,"Reykjavík 64.1355,-21.8954","cities15000, primary name"
europe.csv:97,postimees,Postimees,EE,Tallinn,ok,"Tallinn 59.437,24.7535","cities15000, primary name"
europe.csv:98,diena,Diena,LV,Rīga,ok,"Riga 56.946,24.1059","cities15000, primary name"
europe.csv:99,lietuvosrytas,Lietuvos rytas,LT,Vilnius,ok,"Vilnius 54.6892,25.2798","cities15000, primary name"
europe.csv:100,gazetawyborcza,Gazeta Wyborcza,PL,Warszawa,ok,"Warsaw 52.2298,21.0118","cities15000, alternate name"
europe.csv:101,rzeczpospolita,Rzeczpospolita,PL,Warszawa,ok,"Warsaw 52.2298,21.0118","cities15000, alternate name"
europe.csv:102,fakt,Fakt,PL,Warszawa,ok,"Warsaw 52.2298,21.0118","cities15000, alternate name"
europe.csv:103,dziennikpolski,Dziennik Polski,PL,Kraków,ok,"Kraków 50.0614,19.9366","cities15000, primary name"
europe.csv:104,mladafrontadnes,Mladá fronta DNES,CZ,Praha,ok,"Prague 50.088,14.4208","cities15000, alternate name"
europe.csv:105,hospodarskenoviny,Hospodářské noviny,CZ,Praha,ok,"Prague 50.088,14.4208","cities15000, alternate name"
europe.csv:106,denikn,Deník N,CZ,Praha,ok,"Prague 50.088,14.4208","cities15000, alternate name"
europe.csv:107,lidovenoviny,Lidové noviny,CZ,Praha,ok,"Prague 50.088,14.4208","cities15000, alternate name"
europe.csv:108,sme,SME,SK,Bratislava,ok,"Bratislava 48.1482,17.1067","cities15000, primary name"
europe.csv:109,dennikn,Denník N,SK,Bratislava,ok,"Bratislava 48.1482,17.1067","cities15000, primary name"
europe.csv:110,pravda,Pravda,SK,Bratislava,ok,"Bratislava 48.1482,17.1067","cities15000, primary name"
europe.csv:111,nepszava,Népszava,HU,Budapest,ok,"Budapest 47.4984,19.0404","cities15000, primary name"
europe.csv:112,magyarnemzet,Magyar Nemzet,HU,Budapest,ok,"Budapest 47.4984,19.0404","cities15000, primary name"
europe.csv:113,telex,Telex,HU,Budapest,ok,"Budapest 47.4984,19.0404","cities15000, primary name"
europe.csv:114,hvg,HVG,HU,Budapest,ok,"Budapest 47.4984,19.0404","cities15000, primary name"
europe.csv:115,delo,Delo,SI,Ljubljana,ok,"Ljubljana 46.0511,14.5051","cities15000, primary name"
europe.csv:116,vecer,Večer,SI,Maribor,ok,"Maribor 46.5558,15.6459","cities15000, primary name"
europe.csv:117,jutarnjilist,Jutarnji list,HR,Zagreb,ok,"Zagreb 45.8144,15.978","cities15000, primary name"
europe.csv:118,vecernjilist,Večernji list,HR,Zagreb,ok,"Zagreb 45.8144,15.978","cities15000, primary name"
europe.csv:119,slobodnadalmacija,Slobodna Dalmacija,HR,Split,ok,"Split 43.5089,16.4392","cities15000, primary name"
europe.csv:120,oslobodjenje,Oslobođenje,BA,Sarajevo,ok,"Sarajevo 43.8486,18.3564","cities15000, primary name"
europe.csv:121,dnevniavaz,Dnevni avaz,BA,Sarajevo,ok,"Sarajevo 43.8486,18.3564","cities15000, primary name"
europe.csv:122,politika,Politika,RS,Beograd,ok,"Belgrade 44.804,20.4651","cities15000, alternate name"
europe.csv:123,danas,Danas,RS,Beograd,ok,"Belgrade 44.804,20.4651","cities15000, alternate name"
europe.csv:124,blic,Blic,RS,Beograd,ok,"Belgrade 44.804,20.4651","cities15000, alternate name"
europe.csv:125,vijesti,Vijesti,ME,Podgorica,ok,"Podgorica 42.4412,19.2631","cities15000, primary name"
europe.csv:126,kohaditore,Koha Ditore,XK,Prishtina,ok,"Pristina 42.6727,21.1669","cities15000, alternate name"
europe.csv:127,panorama,Panorama,AL,Tirana,ok,"Tirana 41.3274,19.8187","cities15000, primary name"
europe.csv:128,novamakedonija,Nova Makedonija,MK,Skopje,ok,"Skopje 41.9965,21.4314","cities15000, primary name"
europe.csv:129,kathimerini,Kathimerini,GR,Athina,ok,"Athens 37.9838,23.7278","cities15000, alternate name"
europe.csv:130,tanea,Ta Nea,GR,Athina,ok,"Athens 37.9838,23.7278","cities15000, alternate name"
europe.csv:131,tovima,To Vima,GR,Athina,ok,"Athens 37.9838,23.7278","cities15000, alternate name"
europe.csv:132,phileleftheros,Phileleftheros,CY,Nicosia,ok,"Nicosia 35.1728,33.354","cities15000, primary name"
europe.csv:133,cyprusmail,Cyprus Mail,CY,Nicosia,ok,"Nicosia 35.1728,33.354","cities15000, primary name"
europe.csv:134,dnevnik,Dnevnik,BG,Sofia,ok,"Sofia 42.6975,23.3241","cities15000, primary name"
europe.csv:135,24chasa,24 Chasa,BG,Sofia,ok,"Sofia 42.6975,23.3241","cities15000, primary name"
europe.csv:136,trud,Trud,BG,Sofia,ok,"Sofia 42.6975,23.3241","cities15000, primary name"
europe.csv:137,adevarul,Adevărul,RO,București,ok,"Bucharest 44.4323,26.1063","cities15000, alternate name"
europe.csv:138,libertatea,Libertatea,RO,București,ok,"Bucharest 44.4323,26.1063","cities15000, alternate name"
europe.csv:139,gandul,Gândul,RO,București,ok,"Bucharest 44.4323,26.1063","cities15000, alternate name"
europe.csv:140,ziaruldegarda,Ziarul de Gardă,MD,Chișinău,ok,"Chisinau 47.009,28.8594","cities15000, primary name"
europe.csv:141,ukrainskapravda,Ukrainska Pravda,UA,Kyiv,ok,"Kyiv 50.4547,30.5238","cities15000, primary name"
europe.csv:142,thekyivindependent,The Kyiv Independent,UA,Kyiv,ok,"Kyiv 50.4547,30.5238","cities15000, primary name"
europe.csv:143,dzerkalotyzhnia,Dzerkalo Tyzhnia,UA,Kyiv,ok,"Kyiv 50.4547,30.5238","cities15000, primary name"
europe.csv:144,vysokyizamok,Vysokyi Zamok,UA,Lviv,ok,"Lviv 49.8383,24.0232","cities15000, primary name"
europe.csv:145,hurriyet,Hürriyet,TR,İstanbul,ok,"Istanbul 41.0138,28.9497","cities15000, primary name"
europe.csv:146,sabah,Sabah,TR,İstanbul,ok,"Istanbul 41.0138,28.9497","cities15000, primary name"
europe.csv:147,sozcu,Sözcü,TR,İstanbul,ok,"Istanbul 41.0138,28.9497","cities15000, primary name"
europe.csv:148,cumhuriyet,Cumhuriyet,TR,İstanbul,ok,"Istanbul 41.0138,28.9497","cities15000, primary name"
europe.csv:149,kommersant,Kommersant,RU,Moskva,ok,"Moscow 55.752,37.6178","cities15000, alternate name"
europe.csv:150,rossiyskayagazeta,Rossiyskaya Gazeta,RU,Moskva,ok,"Moscow 55.752,37.6178","cities15000, alternate name"
europe.csv:151,meduza,Meduza,RU,Rīga,ok,"Riga 56.946,24.1059","cities15000, primary name"
europe.csv:152,novayagazetaeurope,Novaya Gazeta Europe,RU,Rīga,ok,"Riga 56.946,24.1059","cities15000, primary name"
europe.csv:153,nashaniva,Nasha Niva,BY,Vilnius,ok,"Vilnius 54.6892,25.2798","cities15000, primary name"
